{"cameraMode":{"drawMode":0,"name":"Shaded","section":"Shading Mode"},"sceneLighting":false,"audioPlay":false,"sceneViewState":{"showFog":true,"showMaterialUpdate":true,"showSkybox":false,"showFlares":true,"showImageEffects":true,"showParticleSystems":true},"in2DMode":false,"pivot":{"x":-0.004591822624206543,"y":0.03941170126199722,"z":-0.002381443977355957},"rotation":{"x":0.13595719635486604,"y":-0.1509568840265274,"z":0.020963625982403756,"w":0.9789358377456665},"size":0.1640523076057434,"orthographic":false}