{"cameraMode":{"drawMode":0,"name":"Shaded","section":"Shading Mode"},"sceneLighting":false,"audioPlay":false,"sceneViewState":{"showFog":true,"showMaterialUpdate":true,"showSkybox":false,"showFlares":true,"showImageEffects":true,"showParticleSystems":true},"in2DMode":false,"pivot":{"x":-1.4549996852874756,"y":9.63669490814209,"z":-0.8487577438354492},"rotation":{"x":0.08307309448719025,"y":0.13973291218280793,"z":-0.011776433326303959,"w":0.9866636395454407},"size":21.914091110229493,"orthographic":false}