{"cameraMode":{"drawMode":0,"name":"Shaded","section":"Shading Mode"},"sceneLighting":false,"audioPlay":false,"sceneViewState":{"showFog":true,"showMaterialUpdate":true,"showSkybox":false,"showFlares":true,"showImageEffects":true,"showParticleSystems":true},"in2DMode":false,"pivot":{"x":-0.11736392974853516,"y":0.4206751585006714,"z":-0.1047283411026001},"rotation":{"x":0.05447783321142197,"y":-0.6513538360595703,"z":-0.046982165426015857,"w":-0.7553671002388},"size":1.8476858139038087,"orthographic":false}