{"cameraMode":{"drawMode":0,"name":"Shaded","section":"Shading Mode"},"sceneLighting":false,"audioPlay":false,"sceneViewState":{"showFog":true,"showMaterialUpdate":true,"showSkybox":false,"showFlares":true,"showImageEffects":true,"showParticleSystems":true},"in2DMode":false,"pivot":{"x":0.07227885723114014,"y":-0.8031011819839478,"z":-0.0138779878616333},"rotation":{"x":0.07556211203336716,"y":-0.6414560675621033,"z":0.06371591985225678,"w":0.7607942819595337},"size":2.9204256534576418,"orthographic":false}