{"cameraMode":{"drawMode":0,"name":"Shaded","section":"Shading Mode"},"sceneLighting":false,"audioPlay":false,"sceneViewState":{"showFog":true,"showMaterialUpdate":true,"showSkybox":false,"showFlares":true,"showImageEffects":true,"showParticleSystems":true},"in2DMode":false,"pivot":{"x":0.2362816333770752,"y":-0.3484482765197754,"z":2.256937026977539},"rotation":{"x":-0.004482893738895655,"y":0.08689004182815552,"z":0.0003911425592377782,"w":0.9962144494056702},"size":2.0623042583465578,"orthographic":false}