{"cameraMode":{"drawMode":0,"name":"Shaded","section":"Shading Mode"},"sceneLighting":false,"audioPlay":false,"sceneViewState":{"showFog":true,"showMaterialUpdate":true,"showSkybox":false,"showFlares":true,"showImageEffects":true,"showParticleSystems":true},"in2DMode":false,"pivot":{"x":0.04111194610595703,"y":0.471332311630249,"z":0.191819965839386},"rotation":{"x":0.00468199048191309,"y":-0.780876636505127,"z":-0.005859313067048788,"w":-0.6246538162231445},"size":2.042066812515259,"orthographic":false}