{"cameraMode":{"drawMode":0,"name":"Shaded","section":"Shading Mode"},"sceneLighting":false,"audioPlay":false,"sceneViewState":{"showFog":true,"showMaterialUpdate":true,"showSkybox":false,"showFlares":true,"showImageEffects":true,"showParticleSystems":true},"in2DMode":false,"pivot":{"x":-0.12868618965148927,"y":-0.14842075109481812,"z":-0.08473014831542969},"rotation":{"x":0.13595719635486604,"y":-0.1509568840265274,"z":0.020963625982403756,"w":0.9789358377456665},"size":1.3716809749603272,"orthographic":false}