{"cameraMode":{"drawMode":0,"name":"Shaded","section":"Shading Mode"},"sceneLighting":false,"audioPlay":false,"sceneViewState":{"showFog":true,"showMaterialUpdate":true,"showSkybox":false,"showFlares":true,"showImageEffects":true,"showParticleSystems":true},"in2DMode":false,"pivot":{"x":0.3145334720611572,"y":-0.5056455135345459,"z":-0.7574353218078613},"rotation":{"x":-0.007866140455007553,"y":0.9837303757667542,"z":-0.04429244250059128,"w":-0.17413808405399323},"size":2.4878861904144289,"orthographic":false}