{"cameraMode":{"drawMode":0,"name":"Shaded","section":"Shading Mode"},"sceneLighting":true,"audioPlay":false,"sceneViewState":{"showFog":true,"showMaterialUpdate":true,"showSkybox":false,"showFlares":true,"showImageEffects":true,"showParticleSystems":true},"in2DMode":false,"pivot":{"x":0.9379758834838867,"y":1.1643595695495606,"z":0.278767466545105},"rotation":{"x":-0.022394413128495218,"y":0.09701291471719742,"z":0.0021720591466873886,"w":0.9950631260871887},"size":1.5346276760101319,"orthographic":false}