{"cameraMode":{"drawMode":0,"name":"Shaded","section":"Shading Mode"},"sceneLighting":false,"audioPlay":false,"sceneViewState":{"showFog":true,"showMaterialUpdate":true,"showSkybox":false,"showFlares":true,"showImageEffects":true,"showParticleSystems":true},"in2DMode":false,"pivot":{"x":0.012933492660522461,"y":-1.0383917093276978,"z":0.009293317794799805},"rotation":{"x":0.24290065467357636,"y":-0.5441533923149109,"z":0.1683279275894165,"w":0.7852370738983154},"size":2.7648820877075197,"orthographic":false}