{"cameraMode":{"drawMode":0,"name":"Shaded","section":"Shading Mode"},"sceneLighting":false,"audioPlay":false,"sceneViewState":{"showFog":true,"showMaterialUpdate":true,"showSkybox":false,"showFlares":true,"showImageEffects":true,"showParticleSystems":true},"in2DMode":false,"pivot":{"x":2.8399999141693117,"y":1.8144044876098633,"z":-0.035987794399261478},"rotation":{"x":0.19076788425445558,"y":0.024720150977373124,"z":-0.004817627370357513,"w":0.9813483953475952},"size":1.1819463968276978,"orthographic":false}