{"cameraMode":{"drawMode":0,"name":"Shaded","section":"Shading Mode"},"sceneLighting":false,"audioPlay":false,"sceneViewState":{"showFog":true,"showMaterialUpdate":true,"showSkybox":false,"showFlares":true,"showImageEffects":true,"showParticleSystems":true},"in2DMode":false,"pivot":{"x":-1.5264298915863038,"y":-0.5390821099281311,"z":1.619908094406128},"rotation":{"x":-0.03633676841855049,"y":-0.24626609683036805,"z":-0.009235403500497342,"w":0.9684963822364807},"size":2.850299119949341,"orthographic":false}