{"cameraMode":{"drawMode":0,"name":"Shaded","section":"Shading Mode"},"sceneLighting":false,"audioPlay":false,"sceneViewState":{"showFog":true,"showMaterialUpdate":true,"showSkybox":false,"showFlares":true,"showImageEffects":true,"showParticleSystems":true},"in2DMode":false,"pivot":{"x":-0.9010266065597534,"y":0.578019917011261,"z":0.3012062609195709},"rotation":{"x":0.09747838228940964,"y":0.6912398934364319,"z":-0.09495272487401962,"w":0.7097514271736145},"size":0.5819462537765503,"orthographic":false}