{"cameraMode":{"drawMode":0,"name":"Shaded","section":"Shading Mode"},"sceneLighting":true,"audioPlay":false,"sceneViewState":{"showFog":true,"showMaterialUpdate":true,"showSkybox":false,"showFlares":true,"showImageEffects":true,"showParticleSystems":true},"in2DMode":false,"pivot":{"x":-0.11348527669906616,"y":0.8567562103271484,"z":-0.7647554874420166},"rotation":{"x":0.1893932968378067,"y":-0.20770616829395295,"z":0.040979284793138507,"w":0.9588592648506165},"size":1.1237061023712159,"orthographic":false}