{"cameraMode":{"drawMode":0,"name":"Shaded","section":"Shading Mode"},"sceneLighting":false,"audioPlay":false,"sceneViewState":{"showFog":true,"showMaterialUpdate":true,"showSkybox":false,"showFlares":true,"showImageEffects":true,"showParticleSystems":true},"in2DMode":false,"pivot":{"x":-0.012866824865341187,"y":0.0530068501830101,"z":0.011633507907390595},"rotation":{"x":0.13595719635486604,"y":-0.1509568840265274,"z":0.020963625982403756,"w":0.9789358377456665},"size":0.14893516898155213,"orthographic":false}