{"cameraMode":{"drawMode":0,"name":"Shaded","section":"Shading Mode"},"sceneLighting":false,"audioPlay":false,"sceneViewState":{"showFog":true,"showMaterialUpdate":true,"showSkybox":false,"showFlares":true,"showImageEffects":true,"showParticleSystems":true},"in2DMode":false,"pivot":{"x":-0.1811521053314209,"y":-0.08396923542022705,"z":0.7470362186431885},"rotation":{"x":-0.1293816864490509,"y":-0.6969904899597168,"z":0.1300671249628067,"w":-0.6932427287101746},"size":1.7320506572723389,"orthographic":false}