{"cameraMode":{"drawMode":0,"name":"Shaded","section":"Shading Mode"},"sceneLighting":false,"audioPlay":false,"sceneViewState":{"showFog":true,"showMaterialUpdate":true,"showSkybox":false,"showFlares":true,"showImageEffects":true,"showParticleSystems":true},"in2DMode":false,"pivot":{"x":-0.08985932171344757,"y":-0.06677192449569702,"z":-0.04822099208831787},"rotation":{"x":0.13595719635486604,"y":-0.1509568840265274,"z":0.020963625982403756,"w":0.9789358377456665},"size":2.2640538215637209,"orthographic":false}