{"cameraMode":{"drawMode":0,"name":"Shaded","section":"Shading Mode"},"sceneLighting":false,"audioPlay":false,"sceneViewState":{"showFog":true,"showMaterialUpdate":true,"showSkybox":false,"showFlares":true,"showImageEffects":true,"showParticleSystems":true},"in2DMode":false,"pivot":{"x":-1.5233172178268433,"y":0.6442555785179138,"z":1.0791617631912232},"rotation":{"x":-0.10099577158689499,"y":-0.2658340334892273,"z":0.028011538088321687,"w":-0.958317756652832},"size":1.5566638708114625,"orthographic":false}