{"cameraMode":{"drawMode":0,"name":"Shaded","section":"Shading Mode"},"sceneLighting":false,"audioPlay":false,"sceneViewState":{"showFog":true,"showMaterialUpdate":true,"showSkybox":false,"showFlares":true,"showImageEffects":true,"showParticleSystems":true},"in2DMode":false,"pivot":{"x":4.006988525390625,"y":-2.160001039505005,"z":7.549796104431152},"rotation":{"x":-0.10099577158689499,"y":-0.2658340334892273,"z":0.028011538088321687,"w":-0.958317756652832},"size":7.033393859863281,"orthographic":false}