{"cameraMode":{"drawMode":0,"name":"Shaded","section":"Shading Mode"},"sceneLighting":false,"audioPlay":false,"sceneViewState":{"showFog":true,"showMaterialUpdate":true,"showSkybox":false,"showFlares":true,"showImageEffects":true,"showParticleSystems":true},"in2DMode":false,"pivot":{"x":-0.00644075870513916,"y":0.01843172311782837,"z":0.0001837611198425293},"rotation":{"x":0.13595719635486604,"y":-0.1509568840265274,"z":0.020963625982403756,"w":0.9789358377456665},"size":0.4951101839542389,"orthographic":false}