{"cameraMode":{"drawMode":0,"name":"Shaded","section":"Shading Mode"},"sceneLighting":false,"audioPlay":false,"sceneViewState":{"showFog":true,"showMaterialUpdate":true,"showSkybox":false,"showFlares":true,"showImageEffects":true,"showParticleSystems":true},"in2DMode":false,"pivot":{"x":0.5850261449813843,"y":-0.0872926115989685,"z":-0.07675790786743164},"rotation":{"x":0.07343017309904099,"y":-0.01047141570597887,"z":0.0007759701693430543,"w":0.9972532987594605},"size":2.0586397647857668,"orthographic":false}