{"cameraMode":{"drawMode":0,"name":"Shaded","section":"Shading Mode"},"sceneLighting":false,"audioPlay":false,"sceneViewState":{"showFog":true,"showMaterialUpdate":true,"showSkybox":false,"showFlares":true,"showImageEffects":true,"showParticleSystems":true},"in2DMode":false,"pivot":{"x":0.21826720237731934,"y":-0.8833640813827515,"z":-0.9931374192237854},"rotation":{"x":0.07629221677780152,"y":-0.8279200196266174,"z":0.11625155806541443,"w":0.5433707237243652},"size":3.5377347469329836,"orthographic":false}