{"cameraMode":{"drawMode":0,"name":"Shaded","section":"Shading Mode"},"sceneLighting":false,"audioPlay":false,"sceneViewState":{"showFog":true,"showMaterialUpdate":true,"showSkybox":false,"showFlares":true,"showImageEffects":true,"showParticleSystems":true},"in2DMode":false,"pivot":{"x":0.46934404969215395,"y":-0.16348034143447877,"z":0.09971213340759278},"rotation":{"x":0.13127732276916505,"y":0.07131289690732956,"z":-0.009471586905419827,"w":0.988746702671051},"size":1.1292948722839356,"orthographic":false}