{"cameraMode":{"drawMode":0,"name":"Shaded","section":"Shading Mode"},"sceneLighting":false,"audioPlay":false,"sceneViewState":{"showFog":true,"showMaterialUpdate":true,"showSkybox":false,"showFlares":true,"showImageEffects":true,"showParticleSystems":true},"in2DMode":false,"pivot":{"x":0.019467592239379884,"y":0.008616186678409577,"z":-0.0048198699951171879},"rotation":{"x":-0.10099577158689499,"y":-0.2658340334892273,"z":0.028011538088321687,"w":-0.958317756652832},"size":0.9162365794181824,"orthographic":false}