{"cameraMode":{"drawMode":0,"name":"Shaded","section":"Shading Mode"},"sceneLighting":false,"audioPlay":false,"sceneViewState":{"showFog":true,"showMaterialUpdate":true,"showSkybox":false,"showFlares":true,"showImageEffects":true,"showParticleSystems":true},"in2DMode":false,"pivot":{"x":0.12505292892456056,"y":0.1477087140083313,"z":0.3202505111694336},"rotation":{"x":0.08131682127714157,"y":-0.5470896363258362,"z":0.05351509898900986,"w":0.8314045071601868},"size":2.8328921794891359,"orthographic":false}