{"cameraMode":{"drawMode":0,"name":"Shaded","section":"Shading Mode"},"sceneLighting":false,"audioPlay":false,"sceneViewState":{"showFog":true,"showMaterialUpdate":false,"showSkybox":false,"showFlares":true,"showImageEffects":true,"showParticleSystems":true},"in2DMode":false,"pivot":{"x":-0.00644075870513916,"y":0.01843172311782837,"z":0.0001837611198425293},"rotation":{"x":-0.07848845422267914,"y":0.7701495885848999,"z":-0.096624456346035,"w":-0.6255974173545837},"size":0.7951101660728455,"orthographic":false}