{"cameraMode":{"drawMode":0,"name":"Shaded","section":"Shading Mode"},"sceneLighting":false,"audioPlay":false,"sceneViewState":{"showFog":true,"showMaterialUpdate":false,"showSkybox":false,"showFlares":true,"showImageEffects":true,"showParticleSystems":true},"in2DMode":false,"pivot":{"x":-0.009705901145935059,"y":-0.01346278190612793,"z":-0.00016295909881591797},"rotation":{"x":0.24830523133277894,"y":0.1363307386636734,"z":-0.03531569615006447,"w":0.9584338068962097},"size":1.5566638708114625,"orthographic":false}