{"cameraMode":{"drawMode":0,"name":"Shaded","section":"Shading Mode"},"sceneLighting":false,"audioPlay":false,"sceneViewState":{"showFog":true,"showMaterialUpdate":false,"showSkybox":false,"showFlares":true,"showImageEffects":true,"showParticleSystems":true},"in2DMode":false,"pivot":{"x":-0.5735377073287964,"y":-1.4064313173294068,"z":-0.8733220100402832},"rotation":{"x":0.24830523133277894,"y":0.1363307386636734,"z":-0.03531569615006447,"w":0.9584338068962097},"size":1.7377350330352784,"orthographic":false}