{"cameraMode":{"drawMode":0,"name":"Shaded","section":"Shading Mode"},"sceneLighting":false,"audioPlay":false,"sceneViewState":{"showFog":true,"showMaterialUpdate":false,"showSkybox":false,"showFlares":true,"showImageEffects":true,"showParticleSystems":true},"in2DMode":false,"pivot":{"x":-0.3319549560546875,"y":0.23624581098556519,"z":-0.46622490882873537},"rotation":{"x":0.1479451060295105,"y":-0.14015164971351624,"z":0.021116402000188829,"w":0.9788329601287842},"size":0.8344241380691528,"orthographic":false}