{"cameraMode":{"drawMode":0,"name":"Shaded","section":"Shading Mode"},"sceneLighting":false,"audioPlay":false,"sceneViewState":{"showFog":true,"showMaterialUpdate":false,"showSkybox":false,"showFlares":true,"showImageEffects":true,"showParticleSystems":true},"in2DMode":false,"pivot":{"x":0.09219783544540405,"y":-1.3624367713928223,"z":0.34790682792663576},"rotation":{"x":0.2840242385864258,"y":-0.13576990365982057,"z":0.04067850857973099,"w":0.9483295679092407},"size":1.6861042976379395,"orthographic":false}