{"cameraMode":{"drawMode":0,"name":"Shaded","section":"Shading Mode"},"sceneLighting":false,"audioPlay":false,"sceneViewState":{"showFog":true,"showMaterialUpdate":false,"showSkybox":false,"showFlares":true,"showImageEffects":true,"showParticleSystems":true},"in2DMode":false,"pivot":{"x":-13.377066612243653,"y":-1.0383917093276978,"z":0.009293317794799805},"rotation":{"x":0.24830523133277894,"y":0.1363307386636734,"z":-0.03531569615006447,"w":0.9584338068962097},"size":1.8648823499679566,"orthographic":false}