{"cameraMode":{"drawMode":0,"name":"Shaded","section":"Shading Mode"},"sceneLighting":false,"audioPlay":false,"sceneViewState":{"showFog":true,"showMaterialUpdate":false,"showSkybox":false,"showFlares":true,"showImageEffects":true,"showParticleSystems":true},"in2DMode":false,"pivot":{"x":-0.11942505836486817,"y":0.4985659122467041,"z":0.1884748935699463},"rotation":{"x":-0.018215689808130266,"y":0.9791305661201477,"z":-0.10169912874698639,"w":-0.17513492703437806},"size":3.580421209335327,"orthographic":false}