{"cameraMode":{"drawMode":0,"name":"Shaded","section":"Shading Mode"},"sceneLighting":false,"audioPlay":false,"sceneViewState":{"showFog":true,"showMaterialUpdate":false,"showSkybox":false,"showFlares":true,"showImageEffects":true,"showParticleSystems":true},"in2DMode":false,"pivot":{"x":0.0073115527629852299,"y":-0.9728174209594727,"z":-0.05820155143737793},"rotation":{"x":0.20068594813346864,"y":0.06489655375480652,"z":-0.013318684883415699,"w":0.9774577021598816},"size":1.6502991914749146,"orthographic":false}