{"cameraMode":{"drawMode":0,"name":"Shaded","section":"Shading Mode"},"sceneLighting":false,"audioPlay":false,"sceneViewState":{"showFog":true,"showMaterialUpdate":false,"showSkybox":false,"showFlares":true,"showImageEffects":true,"showParticleSystems":true},"in2DMode":false,"pivot":{"x":12.98946762084961,"y":-1.0413837432861329,"z":-0.0048198699951171879},"rotation":{"x":0.24830523133277894,"y":0.1363307386636734,"z":-0.03531569615006447,"w":0.9584338068962097},"size":1.5162363052368165,"orthographic":false}