{"cameraMode":{"drawMode":0,"name":"Shaded","section":"Shading Mode"},"sceneLighting":false,"audioPlay":false,"sceneViewState":{"showFog":true,"showMaterialUpdate":false,"showSkybox":false,"showFlares":true,"showImageEffects":true,"showParticleSystems":true},"in2DMode":false,"pivot":{"x":-0.023308277130126954,"y":-0.20197229087352754,"z":0.2569347620010376},"rotation":{"x":0.3629870116710663,"y":-0.22958843410015107,"z":0.09274714440107346,"w":0.8983412981033325},"size":0.4359477758407593,"orthographic":false}