{"cameraMode":{"drawMode":0,"name":"Shaded","section":"Shading Mode"},"sceneLighting":false,"audioPlay":false,"sceneViewState":{"showFog":true,"showMaterialUpdate":false,"showSkybox":false,"showFlares":true,"showImageEffects":true,"showParticleSystems":true},"in2DMode":false,"pivot":{"x":-0.47658199071884158,"y":0.16225698590278626,"z":-0.7396010160446167},"rotation":{"x":0.24830523133277894,"y":0.1363307386636734,"z":-0.03531569615006447,"w":0.9584338068962097},"size":0.7640523314476013,"orthographic":false}