{"cameraMode":{"drawMode":0,"name":"Shaded","section":"Shading Mode"},"sceneLighting":false,"audioPlay":false,"sceneViewState":{"showFog":true,"showMaterialUpdate":false,"showSkybox":false,"showFlares":true,"showImageEffects":true,"showParticleSystems":true},"in2DMode":false,"pivot":{"x":-0.004423201084136963,"y":0.09011781215667725,"z":-0.011184215545654297},"rotation":{"x":-0.0729551836848259,"y":0.11374042183160782,"z":0.008398198522627354,"w":0.9908331036567688},"size":0.4951101839542389,"orthographic":false}